wage,educ,exper,tenure,nonwhite,female,married,numdep,smsa,northcen,south,west,construc,ndurman,trcommpu,trade,services,profserv,profocc,clerocc,servocc,lwage,expersq,tenursq
3.0999999,11,2,0,0,1,0,2,1,0,0,1,0,0,0,0,0,0,0,0,0,1.1314021,4,0
3.24,12,22,2,0,1,1,3,1,0,0,1,0,0,0,0,1,0,0,0,1,1.1755733,484,4
3,11,2,0,0,0,0,2,0,0,0,1,0,0,0,1,0,0,0,0,0,1.0986123,4,0
6,8,44,28,0,0,1,0,1,0,0,1,0,0,0,0,0,0,0,1,0,1.7917595,1936,784
5.3000002,12,7,2,0,0,1,1,0,0,0,1,0,0,0,0,0,0,0,0,0,1.6677068,49,4
8.75,16,9,8,0,0,1,0,1,0,0,1,0,0,0,0,0,1,1,0,0,2.1690538,81,64
11.25,18,15,7,0,0,0,0,1,0,0,1,0,0,0,1,0,0,1,0,0,2.4203682,225,49
5,12,5,3,0,1,0,0,1,0,0,1,0,0,0,0,0,0,1,0,0,1.6094379,25,9
3.5999999,12,26,4,0,1,0,2,1,0,0,1,0,0,0,1,0,0,1,0,0,1.2809339,676,16
18.18,17,22,21,0,0,1,0,1,0,0,1,0,0,0,0,0,0,1,0,0,2.9003222,484,441
6.25,16,8,2,0,1,0,0,1,0,0,1,0,0,0,1,0,0,1,0,0,1.8325815,64,4
8.1300001,13,3,0,0,1,0,0,1,0,0,1,0,0,0,0,0,1,0,1,0,2.095561,9,0
8.7700005,12,15,0,0,0,1,2,1,0,0,1,0,0,0,0,0,0,0,0,0,2.1713369,225,0
5.5,12,18,3,0,0,0,0,1,0,0,1,0,0,0,0,0,0,0,0,0,1.704748,324,9
22.200001,12,31,15,0,0,1,1,1,0,0,1,0,0,0,0,0,0,1,0,0,3.1000924,961,225
17.33,16,14,0,0,0,1,1,1,0,0,1,0,0,0,0,0,1,1,0,0,2.8524392,196,0
7.5,12,10,0,0,1,1,0,1,0,0,1,0,0,0,0,0,0,0,1,0,2.0149031,100,0
10.63,13,16,10,0,1,0,0,1,0,0,1,0,0,0,0,0,1,1,0,0,2.3636801,256,100
3.5999999,12,13,0,0,1,1,3,1,0,0,1,0,0,0,0,0,0,0,0,0,1.2809339,169,0
4.5,12,36,6,0,1,1,0,1,0,0,1,0,0,0,0,0,1,0,0,1,1.5040774,1296,36
6.8800001,12,11,4,0,1,0,0,1,0,0,1,0,0,0,0,0,1,1,0,0,1.9286187,121,16
8.4799995,12,29,13,0,0,1,3,1,0,0,1,0,0,0,0,0,0,0,0,0,2.1377103,841,169
6.3299999,16,9,9,0,1,0,0,1,0,0,1,0,0,0,0,0,0,1,0,0,1.8453002,81,81
.52999997,12,3,1,0,1,0,0,1,0,0,1,0,0,0,0,1,0,0,0,1,-.63487834,9,1
6,11,37,8,1,1,0,0,1,0,0,1,0,0,0,0,1,0,0,0,0,1.7917595,1369,64
9.5600004,16,3,3,1,0,1,1,1,0,0,1,0,1,0,0,0,0,1,0,0,2.2575877,9,9
7.7800002,16,11,10,0,0,1,1,1,0,0,1,0,0,1,0,0,0,0,0,0,2.0515563,121,100
12.5,16,31,0,0,0,1,0,1,0,0,1,0,0,0,0,0,0,1,0,0,2.5257287,961,0
12.5,15,30,0,0,0,1,2,1,0,0,1,0,0,0,0,0,0,1,0,0,2.5257287,900,0
3.25,8,9,1,0,1,1,2,1,0,0,1,0,0,0,0,0,0,0,0,0,1.178655,81,1
13,14,23,5,0,0,1,2,1,0,0,1,0,0,0,0,0,1,1,0,0,2.5649493,529,25
4.5,14,2,5,0,1,0,2,1,0,0,1,0,0,0,1,0,0,0,0,0,1.5040774,4,25
9.6800003,13,16,16,0,1,0,0,1,0,0,1,0,0,0,0,0,0,1,0,0,2.270062,256,256
5,12,7,3,0,1,0,0,1,0,0,1,0,0,0,0,0,0,0,1,0,1.6094379,49,9
4.6799998,12,3,0,0,1,0,0,1,0,0,1,0,0,0,0,1,0,0,1,0,1.5432981,9,0
4.27,16,22,4,1,1,1,1,1,0,0,1,0,0,0,1,0,0,1,0,0,1.4516138,484,16
6.1500001,12,15,6,1,1,1,1,1,0,0,1,0,0,0,0,1,0,0,0,1,1.8164521,225,36
3.51,4,39,15,0,0,1,5,1,0,0,1,0,0,0,1,0,0,0,0,0,1.2556161,1521,225
3,14,3,3,0,1,1,0,1,0,0,1,0,0,0,0,0,1,0,1,0,1.0986123,9,9
6.25,12,11,0,0,1,0,0,1,0,0,1,0,0,0,0,0,1,0,1,0,1.8325815,121,0
7.8099999,12,3,0,0,1,1,0,1,0,0,1,0,0,0,0,1,0,0,0,1,2.0554049,9,0
10,12,20,5,1,1,1,4,1,0,0,1,0,0,0,0,0,1,0,1,0,2.3025851,400,25
4.5,14,16,0,0,1,1,1,1,0,0,1,0,0,0,0,0,1,0,1,0,1.5040774,256,0
4,11,45,12,0,1,1,0,1,0,0,1,0,0,0,0,0,1,0,0,1,1.3862944,2025,144
6.3800001,13,11,4,0,1,0,0,1,0,0,1,0,0,0,0,0,0,0,0,0,1.8531681,121,16
13.7,15,20,13,0,0,1,2,1,0,0,1,0,0,0,0,0,1,1,0,0,2.6173959,400,169
1.67,10,1,0,0,0,0,1,1,0,0,1,0,0,0,0,1,0,0,0,0,.51282358,1,0
2.9300001,12,36,2,0,1,1,1,1,0,0,1,0,0,0,1,0,0,1,0,0,1.0750024,1296,4
3.6500001,14,9,2,0,0,0,0,1,0,0,1,0,0,0,1,0,0,1,0,0,1.2947272,81,4
2.9000001,12,15,1,0,1,1,2,1,0,0,1,0,0,0,0,1,0,0,0,1,1.0647107,225,1
1.63,12,18,0,0,1,0,2,0,0,0,0,0,0,0,0,1,0,0,0,1,.48858002,324,0
8.6000004,16,3,2,0,1,0,0,1,0,0,0,0,0,0,0,0,1,1,0,0,2.1517622,9,4
5,12,15,5,0,0,1,1,1,0,0,0,0,0,0,1,0,0,0,1,0,1.6094379,225,25
6,12,7,7,0,0,1,0,1,0,0,0,0,0,0,0,0,0,0,0,0,1.7917595,49,49
2.5,12,2,0,0,0,0,2,0,0,0,0,0,0,0,0,0,0,0,0,0,.91629076,4,0
3.25,15,3,0,0,0,0,1,0,0,0,0,0,0,0,1,0,0,0,0,1,1.178655,9,0
3.4000001,16,1,1,0,1,0,1,0,0,0,0,0,0,0,1,0,0,0,0,1,1.2237755,1,1
10,8,13,0,1,0,0,0,1,0,0,0,0,0,0,1,0,0,0,0,0,2.3025851,169,0
21.629999,18,8,8,0,1,0,0,1,0,0,0,0,0,0,0,0,1,1,0,0,3.0740812,64,64
4.3800001,16,7,0,0,0,0,0,1,0,0,0,0,0,0,1,0,0,0,0,1,1.4770488,49,0
11.71,13,40,20,0,1,0,0,1,0,0,0,0,1,0,0,0,0,1,0,0,2.4604433,1600,400
12.39,14,42,5,0,0,0,0,1,0,0,0,0,0,0,0,0,1,1,0,0,2.5168898,1764,25
6.25,10,36,8,0,0,0,0,1,0,0,0,0,0,0,1,0,0,0,0,1,1.8325815,1296,64
3.71,10,13,0,1,1,0,4,1,0,0,0,0,0,0,0,0,1,0,1,0,1.3110319,169,0
7.7800002,14,9,3,0,0,0,0,1,0,0,0,0,0,0,0,0,1,1,0,0,2.0515563,81,9
19.98,14,26,23,0,0,1,2,1,0,0,0,0,0,0,0,0,0,1,0,0,2.9947317,676,529
6.25,16,7,4,1,1,1,3,1,0,0,0,0,0,0,0,0,1,1,0,0,1.8325815,49,16
10,12,25,3,0,0,1,3,1,0,0,0,0,0,0,0,0,1,1,0,0,2.3025851,625,9
5.71,16,10,5,0,0,1,1,1,0,0,0,0,0,0,0,0,1,1,0,0,1.742219,100,25
2,12,3,2,0,1,0,4,1,0,0,0,0,0,0,0,1,0,0,0,0,.69314718,9,4
5.71,16,3,0,0,1,0,0,1,0,0,0,0,0,0,1,0,0,0,1,0,1.742219,9,0
13.08,17,17,2,1,0,1,3,1,0,0,0,0,0,0,0,0,1,1,0,0,2.5710843,289,4
4.9099998,12,17,8,0,0,1,2,1,0,0,0,0,0,0,0,0,0,0,0,0,1.5912739,289,64
2.9100001,12,20,34,0,1,1,2,1,0,0,0,0,0,0,0,1,0,0,1,0,1.0681531,400,1156
3.75,12,7,0,0,1,1,0,1,0,0,0,1,0,0,0,0,0,0,1,0,1.3217559,49,0
11.9,13,24,19,0,0,1,2,1,0,0,0,0,0,0,0,0,1,1,0,0,2.4765384,576,361
4,12,28,0,0,1,1,1,1,0,0,0,0,0,0,0,0,1,0,1,0,1.3862944,784,0
3.0999999,12,2,1,0,1,0,1,1,0,0,0,0,0,0,1,0,0,0,1,0,1.1314021,4,1
8.4499998,12,19,13,0,0,1,4,1,0,0,0,0,0,0,0,0,0,0,0,0,2.1341665,361,169
7.1399999,18,13,0,0,0,1,2,1,0,0,0,0,0,0,0,0,1,1,0,0,1.9657128,169,0
4.5,9,22,5,0,0,1,4,1,0,0,0,0,0,0,0,0,0,0,0,0,1.5040774,484,25
4.6500001,16,3,1,0,0,0,0,1,0,0,0,0,1,0,0,0,0,0,0,0,1.5368673,9,1
2.9000001,10,4,0,0,1,0,1,1,0,0,0,0,0,0,0,0,1,0,0,1,1.0647107,16,0
6.6700001,12,7,5,0,0,0,0,1,0,0,0,0,0,0,0,0,0,1,0,0,1.8976198,49,25
3.5,12,6,2,1,1,0,1,1,0,0,0,0,0,0,0,0,1,0,0,1,1.2527629,36,4
3.26,12,13,3,0,1,1,1,1,0,0,0,0,0,0,1,0,0,1,0,0,1.1817272,169,9
3.25,12,14,0,0,1,1,1,1,0,0,0,0,0,0,0,0,1,0,1,0,1.178655,196,0
8,12,14,4,0,1,0,1,1,0,0,0,0,0,0,0,0,1,1,0,0,2.0794415,196,16
9.8500004,8,40,24,1,0,1,2,1,0,0,0,0,0,0,0,0,0,0,0,0,2.2874715,1600,576
7.5,12,11,7,0,0,1,1,1,0,0,0,0,0,0,0,0,0,0,0,0,2.0149031,121,49
5.9099998,12,14,6,0,0,1,2,0,0,0,0,0,0,1,0,0,0,0,0,0,1.7766458,196,36
11.76,14,40,39,0,0,1,0,1,0,0,0,0,0,1,0,0,0,1,0,0,2.464704,1600,1521
3,12,1,0,0,1,0,2,1,0,0,0,0,0,0,1,0,0,1,0,0,1.0986123,1,0
4.8099999,12,2,0,0,1,0,0,1,0,0,0,0,0,0,0,0,1,0,0,1,1.5706971,4,0
6.5,12,4,1,0,1,0,0,1,0,0,0,0,0,0,0,0,1,1,0,0,1.8718022,16,1
4,9,19,1,0,1,1,1,1,0,0,0,0,0,0,0,1,0,0,0,1,1.3862944,361,1
3.5,13,1,0,0,0,0,1,1,0,0,0,0,1,0,0,0,0,1,0,0,1.2527629,1,0
13.16,12,34,22,0,0,1,0,1,0,0,0,0,0,0,1,0,0,1,0,0,2.5771818,1156,484
4.25,14,5,2,0,0,1,2,1,0,0,0,0,0,0,1,0,0,0,0,0,1.446919,25,4
3.5,12,3,0,0,0,0,0,1,0,0,0,0,0,0,1,0,0,0,0,1,1.2527629,9,0
5.1300001,15,6,6,0,1,0,0,1,0,0,0,0,1,0,0,0,0,1,0,0,1.6351057,36,36
3.75,12,14,0,0,1,1,3,1,0,0,0,0,0,0,0,1,0,0,0,1,1.3217559,196,0
4.5,12,35,12,0,1,1,0,1,0,0,0,0,0,0,0,0,1,0,1,0,1.5040774,1225,144
7.6300001,12,8,4,0,1,0,0,1,0,0,0,0,0,1,0,0,0,0,1,0,2.0320878,64,16
15,14,7,7,1,0,1,1,1,0,0,0,0,0,0,0,0,0,0,0,0,2.7080503,49,49
6.8499999,15,11,3,0,1,1,2,1,0,0,0,0,0,0,0,0,1,1,0,0,1.9242487,121,9
13.33,12,14,11,0,0,1,2,1,0,0,0,0,0,0,1,0,0,1,0,0,2.5900171,196,121
6.6700001,12,35,10,0,0,0,0,1,0,0,0,0,0,0,0,0,0,0,0,0,1.8976198,1225,100
2.53,12,46,0,0,1,0,0,1,0,0,0,0,0,0,1,0,0,1,0,0,.92821932,2116,0
9.8000002,17,7,0,0,0,1,0,1,0,0,0,0,0,0,0,1,0,1,0,0,2.2823825,49,0
3.3699999,11,45,12,0,0,1,0,1,0,0,0,0,0,0,1,0,0,1,0,0,1.2149127,2025,144
24.98,18,29,25,0,0,1,0,1,0,0,0,0,0,0,0,0,0,1,0,0,3.2180755,841,625
5.4000001,12,6,3,0,0,1,0,1,0,0,0,0,0,0,0,1,0,0,0,0,1.686399,36,9
6.1100001,14,15,0,0,0,1,2,1,0,0,0,0,0,0,1,0,0,1,0,0,1.8099267,225,0
4.1999998,14,33,16,0,1,1,0,1,0,0,0,0,0,0,0,0,1,1,0,0,1.4350845,1089,256
3.75,10,15,0,0,0,0,0,1,0,0,0,0,0,0,1,0,0,0,0,0,1.3217559,225,0
3.5,14,5,0,0,1,1,0,0,0,1,0,0,0,0,0,0,1,0,1,0,1.2527629,25,0
3.6400001,12,7,2,0,0,0,0,1,0,1,0,0,0,0,0,0,1,0,0,1,1.2919837,49,4
3.8,15,6,1,0,0,1,1,1,0,1,0,0,0,0,1,0,0,0,0,0,1.3350011,36,1
3,8,33,12,0,1,1,3,0,0,1,0,0,1,0,0,0,0,0,0,0,1.0986123,1089,144
5,16,2,1,0,1,1,0,0,0,1,0,0,0,0,1,0,0,1,0,0,1.6094379,4,1
4.6300001,14,4,0,0,1,1,2,1,0,1,0,0,0,0,0,0,1,0,0,1,1.5325569,16,0
3,15,1,0,0,0,0,0,1,0,1,0,0,0,0,1,0,0,1,0,0,1.0986123,1,0
3.2,12,29,0,0,1,0,1,1,0,1,0,0,0,0,0,0,0,0,1,0,1.1631508,841,0
3.9100001,18,17,3,0,0,1,2,0,0,1,0,0,0,0,0,0,1,1,0,0,1.3635374,289,9
6.4299998,16,17,3,0,1,1,2,0,0,1,0,0,0,0,0,0,1,1,0,0,1.8609746,289,9
5.48,10,36,3,0,1,1,0,1,0,1,0,0,0,0,0,0,0,0,0,0,1.7011051,1296,9
1.5,8,31,30,0,0,0,0,0,0,1,0,0,0,0,1,0,0,0,0,0,.4054651,961,900
2.9000001,10,23,2,0,1,0,2,0,0,1,0,0,0,0,0,0,1,0,0,1,1.0647107,529,4
5,11,13,1,0,0,1,0,0,0,1,0,0,0,0,1,0,0,0,0,0,1.6094379,169,1
8.9200001,18,3,3,0,0,1,0,1,0,1,0,0,0,0,1,0,0,1,0,0,2.1882958,9,9
5,15,15,0,0,0,0,0,1,0,1,0,0,0,0,1,0,0,1,0,0,1.6094379,225,0
3.52,12,48,1,0,0,1,0,0,0,1,0,0,0,0,0,0,1,0,0,0,1.258461,2304,1
2.9000001,11,6,0,0,1,0,1,0,0,1,0,0,1,0,0,0,0,0,0,0,1.0647107,36,0
4.5,12,12,0,0,0,1,3,1,0,1,0,0,0,0,1,0,0,0,0,0,1.5040774,144,0
2.25,12,5,0,0,1,0,2,1,0,1,0,0,0,0,1,0,0,0,0,1,.81093019,25,0
5,14,19,5,0,0,1,4,1,0,1,0,0,0,0,1,0,0,0,0,0,1.6094379,361,25
10,16,9,3,1,0,1,2,1,0,1,0,0,0,0,0,0,0,1,0,0,2.3025851,81,9
3.75,2,39,13,0,0,1,0,1,0,1,0,0,0,0,0,0,1,0,0,1,1.3217559,1521,169
10,14,28,11,0,1,1,0,1,0,1,0,0,1,0,0,0,0,1,0,0,2.3025851,784,121
10.95,16,23,20,0,0,1,4,1,0,1,0,0,1,0,0,0,0,1,0,0,2.3933394,529,400
7.9000001,12,2,0,0,0,0,0,1,0,1,0,1,0,0,0,0,0,0,0,0,2.0668628,4,0
4.7199998,12,15,1,0,1,0,0,1,0,1,0,0,0,0,0,0,0,0,0,0,1.5518087,225,1
5.8400002,13,5,0,0,1,1,1,1,0,1,0,0,0,0,0,0,1,0,1,0,1.7647308,25,0
3.8299999,12,18,2,0,1,0,3,1,0,1,0,0,0,0,0,0,0,0,1,0,1.3428648,324,4
3.2,15,2,2,0,1,0,2,1,0,1,0,0,0,1,0,0,0,0,0,0,1.1631508,4,4
2,10,3,0,1,1,0,5,1,0,1,0,0,0,0,1,0,0,0,0,1,.69314718,9,0
4.5,12,31,4,0,1,1,3,1,0,1,0,0,0,0,0,0,1,0,1,0,1.5040774,961,16
11.55,16,20,5,0,1,1,3,1,0,1,0,1,0,0,0,0,0,0,1,0,2.4466856,400,25
2.1400001,13,34,15,1,1,1,0,1,0,1,0,0,0,0,0,1,0,0,0,0,.7608059,1156,225
2.3800001,9,5,0,1,0,0,5,1,0,1,0,0,0,0,0,0,0,0,0,1,.86710054,25,0
3.75,12,11,0,0,0,0,1,1,0,1,0,0,0,0,0,0,0,0,0,0,1.3217559,121,0
5.52,13,31,3,0,0,0,0,1,0,1,0,0,0,0,1,0,0,0,0,0,1.7083778,961,9
6.5,12,8,5,0,1,1,0,1,0,1,0,0,0,1,0,0,0,0,1,0,1.8718022,64,25
3.0999999,12,2,2,0,1,0,1,1,0,1,0,0,1,0,0,0,0,0,0,0,1.1314021,4,4
10,14,18,5,0,0,1,2,1,0,1,0,0,0,0,0,0,0,1,0,0,2.3025851,324,25
6.6300001,16,3,0,0,0,1,0,1,0,1,0,0,0,0,0,0,1,1,0,0,1.8916048,9,0
10,16,3,2,0,0,1,0,1,0,1,0,0,0,1,0,0,0,1,0,0,2.3025851,9,4
2.3099999,9,4,1,0,1,0,5,0,1,0,0,0,0,0,1,0,0,0,0,1,.83724749,16,1
6.8800001,18,4,4,0,0,0,0,1,1,0,0,0,0,0,0,0,1,1,0,0,1.9286187,16,16
2.8299999,10,1,0,0,0,0,4,1,1,0,0,0,0,0,1,0,0,0,0,0,1.0402766,1,0
3.1300001,10,1,0,0,1,0,1,1,1,0,0,0,0,0,1,0,0,1,0,0,1.1410331,1,0
8,13,28,5,0,0,1,1,1,1,0,0,0,0,0,0,1,0,1,0,0,2.0794415,784,25
4.5,12,47,4,0,1,1,0,1,1,0,0,0,0,0,1,0,0,0,1,0,1.5040774,2209,16
8.6499996,18,13,1,0,1,0,0,1,1,0,0,0,1,0,0,0,0,1,0,0,2.1575594,169,1
2,13,2,6,0,1,0,0,1,1,0,0,0,0,0,0,1,0,0,0,1,.69314718,4,36
4.75,12,48,2,0,1,1,0,1,1,0,0,0,0,0,0,0,1,0,0,1,1.5581446,2304,4
6.25,13,6,5,0,1,1,1,1,1,0,0,0,0,0,0,0,1,1,0,0,1.8325815,36,25
6,13,8,0,0,0,1,2,1,1,0,0,0,0,0,0,0,1,0,0,1,1.7917595,64,0
15.38,13,25,21,0,0,1,2,1,1,0,0,0,0,0,0,0,1,1,0,0,2.733068,625,441
14.58,18,13,7,0,1,0,0,1,1,0,0,0,0,0,0,0,1,1,0,0,2.6796508,169,49
12.5,12,8,1,0,0,0,0,1,1,0,0,0,0,0,0,0,0,0,0,0,2.5257287,64,1
5.25,12,19,10,0,1,1,2,1,1,0,0,0,0,1,0,0,0,0,1,0,1.658228,361,100
2.1700001,13,1,4,0,1,0,1,1,1,0,0,0,1,0,0,0,0,0,0,1,.77472723,1,16
7.1399999,12,43,5,0,1,0,0,1,1,0,0,0,0,0,0,0,0,0,0,0,1.9657128,1849,25
6.2199998,12,19,9,0,1,1,1,1,1,0,0,0,0,0,0,0,1,0,1,0,1.8277699,361,81
9,12,11,5,0,1,1,0,1,1,0,0,0,0,0,0,0,1,1,0,0,2.1972246,121,25
10,14,43,4,0,0,1,0,1,1,0,0,0,0,0,0,0,1,1,0,0,2.3025851,1849,16
5.77,10,44,3,0,0,1,0,1,1,0,0,0,0,0,0,0,1,1,0,0,1.7526721,1936,9
4,12,22,11,0,1,1,2,1,1,0,0,0,1,0,0,0,0,0,0,0,1.3862944,484,121
8.75,16,3,2,0,0,1,1,1,1,0,0,0,1,0,0,0,0,1,0,0,2.1690538,9,4
6.5300002,16,3,2,0,1,0,0,1,1,0,0,0,0,0,0,0,1,1,0,0,1.876407,9,4
7.5999999,12,41,11,0,1,0,0,1,1,0,0,0,0,0,0,0,1,1,0,0,2.0281482,1681,121
5,14,5,0,0,0,0,0,1,1,0,0,0,0,0,1,0,0,0,0,0,1.6094379,25,0
5,12,14,11,0,1,0,0,1,1,0,0,0,0,0,0,0,1,0,0,1,1.6094379,196,121
21.860001,12,24,16,0,0,1,3,1,1,0,0,0,0,0,1,0,0,1,0,0,3.0846586,576,256
8.6400003,12,28,8,0,0,1,0,1,1,0,0,0,1,0,0,0,0,1,0,0,2.1564026,784,64
3.3,12,25,8,0,0,1,1,1,1,0,0,0,0,0,1,0,0,0,0,0,1.1939224,625,64
4.4400001,12,3,0,0,0,0,0,1,1,0,0,0,0,0,1,0,0,1,0,0,1.4906543,9,0
4.5500002,12,11,0,0,0,1,0,0,1,0,0,0,0,0,0,0,0,0,0,0,1.5151273,121,0
3.5,12,7,6,1,1,1,0,0,1,0,0,0,0,0,0,0,0,0,0,0,1.2527629,49,36
6.25,16,9,2,0,0,1,1,0,1,0,0,0,0,0,0,0,1,1,0,0,1.8325815,81,4
3.8499999,16,5,0,0,0,1,0,1,1,0,0,0,0,0,1,0,0,0,0,0,1.3480731,25,0
6.1799998,14,9,3,0,1,1,0,1,1,0,0,0,0,0,0,0,1,1,0,0,1.8213183,81,9
2.9100001,11,1,0,0,1,0,3,1,1,0,0,0,0,0,0,1,0,1,0,0,1.0681531,1,0
6.25,16,2,1,1,1,0,0,1,1,0,0,0,0,0,1,0,0,1,0,0,1.8325815,4,1
6.25,12,13,0,0,1,1,0,1,1,0,0,0,0,0,0,0,1,0,1,0,1.8325815,169,0
9.0500002,12,10,2,0,0,1,3,1,1,0,0,1,0,0,0,0,0,1,0,0,2.2027647,100,4
10,17,5,3,0,0,1,0,1,1,0,0,0,0,0,0,0,0,1,0,0,2.3025851,25,9
11.11,12,30,8,0,0,1,0,1,1,0,0,0,0,0,1,0,0,1,0,0,2.4078455,900,64
6.8800001,12,31,19,0,0,1,3,1,1,0,0,0,0,0,0,0,1,0,0,1,1.9286187,961,361
8.75,16,1,2,1,0,0,0,1,1,0,0,0,0,0,0,0,0,1,0,0,2.1690538,1,4
10,8,9,0,0,0,1,0,1,1,0,0,1,0,0,0,0,0,0,0,0,2.3025851,81,0
3.05,12,10,0,0,1,1,2,1,1,0,0,0,0,0,1,0,0,0,0,0,1.1151416,100,0
3,12,38,0,0,1,1,0,0,1,0,0,0,0,0,0,1,0,0,1,0,1.0986123,1444,0
5.8000002,12,19,6,0,1,1,2,0,1,0,0,0,1,0,0,0,0,0,0,0,1.7578579,361,36
4.0999999,16,5,0,0,1,1,0,1,1,0,0,0,0,0,0,0,1,1,0,0,1.4109869,25,0
8,12,26,2,0,0,1,1,1,1,0,0,0,0,0,0,0,0,0,0,0,2.0794415,676,4
6.1500001,12,35,12,0,1,0,0,1,1,0,0,0,0,0,1,0,0,0,0,0,1.8164521,1225,144
2.7,9,2,0,0,1,0,1,1,1,0,0,0,0,0,1,0,0,0,1,0,.9932518,4,0
2.75,13,1,2,0,1,0,1,1,1,0,0,0,0,0,0,0,1,0,0,1,1.011601,1,4
3,16,19,10,0,1,1,0,1,1,0,0,0,0,0,1,0,0,0,1,0,1.0986123,361,100
3,14,3,2,0,1,0,0,1,1,0,0,0,0,0,0,0,1,0,0,1,1.0986123,9,4
7.3600001,8,36,24,0,0,1,3,1,1,0,0,0,0,0,0,0,0,0,0,0,1.9960599,1296,576
7.5,14,29,24,0,0,1,1,1,1,0,0,0,0,0,0,0,0,1,0,0,2.0149031,841,576
3.5,13,1,2,0,0,0,3,1,1,0,0,0,0,0,1,0,0,0,0,0,1.2527629,1,4
8.1000004,12,38,3,0,1,1,1,1,1,0,0,0,0,0,0,0,1,1,0,0,2.0918641,1444,9
3.75,18,1,2,0,0,0,1,1,1,0,0,0,0,0,0,0,1,1,0,0,1.3217559,1,4
3.25,9,29,0,1,0,1,1,1,1,0,0,0,0,0,0,0,0,0,0,0,1.178655,841,0
5.8299999,8,36,15,0,1,1,0,0,0,0,0,0,0,0,0,0,1,0,1,0,1.7630169,1296,225
3.5,8,4,0,0,0,0,3,1,0,0,0,0,0,0,1,0,0,0,0,1,1.2527629,16,0
3.3299999,12,45,4,0,1,1,0,0,0,0,0,0,0,0,1,0,0,0,0,0,1.2029723,2025,16
4,14,22,3,0,1,0,0,1,0,0,0,1,0,0,0,0,0,0,1,0,1.3862944,484,9
3.5,12,20,4,0,1,1,2,0,0,0,0,0,0,0,0,0,1,0,1,0,1.2527629,400,16
6.25,16,5,0,0,0,1,0,1,0,0,0,0,1,0,0,0,0,1,0,0,1.8325815,25,0
2.95,8,15,2,1,1,1,1,1,0,0,0,0,1,0,0,0,0,0,0,0,1.0818052,225,4
5.71,13,10,2,0,1,1,0,1,0,0,0,0,0,0,1,0,0,1,0,0,1.742219,100,4
3,9,3,0,0,1,0,0,1,0,0,0,0,0,0,0,1,0,0,0,0,1.0986123,9,0
22.860001,16,16,7,0,0,1,2,1,0,0,0,0,0,0,0,0,0,1,0,0,3.1293886,256,49
9,12,38,1,0,0,1,0,1,0,0,0,0,0,0,0,0,1,1,0,0,2.1972246,1444,1
8.3299999,15,33,26,0,0,1,1,1,0,0,0,0,0,0,0,0,1,1,0,0,2.1198635,1089,676
3,11,2,0,0,0,0,0,1,0,0,0,0,0,0,1,0,0,0,0,0,1.0986123,4,0
5.75,14,6,5,0,0,1,0,1,0,0,0,0,0,0,1,0,0,1,0,0,1.7491999,36,25
6.7600002,12,19,3,1,0,1,2,1,0,0,0,0,1,0,0,0,0,0,0,0,1.9110229,361,9
10,12,29,0,0,0,1,2,1,0,0,0,0,0,0,0,0,1,0,1,0,2.3025851,841,0
3,12,2,0,0,0,0,0,1,0,0,0,1,0,0,0,0,0,0,0,0,1.0986123,4,0
3.5,18,3,1,0,1,0,0,1,0,0,0,0,0,1,0,0,0,1,0,0,1.2527629,9,1
3.25,12,4,0,0,0,0,0,1,0,0,0,0,0,0,0,1,0,0,0,0,1.178655,16,0
4,12,10,1,1,1,0,0,1,0,0,0,0,0,0,0,0,1,0,1,0,1.3862944,100,1
2.9200001,12,4,0,0,1,0,1,0,0,1,0,0,0,0,1,0,0,1,0,0,1.0715836,16,0
3.0599999,12,14,10,1,1,0,3,0,0,1,0,0,0,0,1,0,0,0,0,0,1.1184149,196,100
3.2,12,15,5,0,1,1,1,0,0,1,0,0,0,0,0,0,1,1,0,0,1.1631508,225,25
4.75,12,19,0,0,0,1,3,0,0,1,0,0,0,0,0,0,0,0,0,0,1.5581446,361,0
3,14,17,0,0,1,1,4,1,0,1,0,0,0,0,0,1,0,0,1,0,1.0986123,289,0
18.16,16,29,7,0,0,1,1,1,0,1,0,0,1,0,0,0,0,1,0,0,2.8992214,841,49
3.5,12,2,0,0,1,0,2,1,0,1,0,0,0,1,0,0,0,0,1,0,1.2527629,4,0
4.1100001,14,5,0,0,0,0,0,0,0,1,0,0,0,0,0,0,1,1,0,0,1.4134231,25,0
1.96,11,38,3,1,1,0,0,0,0,1,0,0,0,0,0,1,0,0,0,0,.67294449,1444,9
4.29,12,3,0,0,1,0,0,0,0,1,0,0,0,0,1,0,0,0,0,1,1.4562867,9,0
3,10,47,0,0,0,0,0,0,0,1,0,0,0,0,0,1,0,0,0,1,1.0986123,2209,0
6.4499998,12,7,6,0,0,1,0,0,0,1,0,0,0,0,1,0,0,0,0,0,1.8640801,49,36
5.1999998,6,47,13,1,0,1,0,1,0,1,0,1,0,0,0,0,0,0,0,0,1.6486586,2209,169
4.5,13,23,2,1,1,0,0,1,0,1,0,0,0,0,1,0,0,1,0,0,1.5040774,529,4
3.8800001,12,12,3,0,0,1,3,1,0,1,0,0,0,0,1,0,0,0,1,0,1.3558352,144,9
3.45,10,11,0,0,1,0,2,1,0,1,0,0,0,0,1,0,0,0,0,1,1.2383742,121,0
10.91,12,25,23,0,0,0,0,1,0,1,0,0,0,1,0,0,0,0,0,0,2.3896797,625,529
4.0999999,14,6,0,0,1,1,0,1,0,1,0,0,0,0,0,1,0,0,0,1,1.4109869,36,0
3,13,3,1,0,0,0,0,1,0,1,0,0,0,0,1,0,0,0,0,0,1.0986123,9,1
5.9000001,12,14,7,1,0,1,2,1,0,1,0,0,0,0,0,1,0,0,0,0,1.7749524,196,49
18,18,13,0,0,1,0,0,1,0,1,0,0,0,0,0,0,1,1,0,0,2.8903718,169,0
4,12,9,0,0,0,0,0,1,0,1,0,0,0,0,0,0,1,1,0,0,1.3862944,81,0
3,12,1,0,1,0,0,0,1,0,1,0,0,0,0,0,1,0,0,0,0,1.0986123,1,0
3.55,12,6,0,0,1,1,1,0,0,0,0,0,0,0,0,0,0,0,0,0,1.2669476,36,0
3,12,11,1,0,1,1,2,0,0,0,0,0,0,0,0,1,0,0,0,1,1.0986123,121,1
8.75,12,47,44,0,0,1,0,0,0,0,0,0,0,0,0,0,0,0,0,0,2.1690538,2209,1936
2.9000001,8,49,6,0,1,0,1,0,0,0,0,0,1,0,0,0,0,0,0,0,1.0647107,2401,36
6.2600002,13,37,17,0,1,1,0,1,0,0,0,0,0,0,0,0,1,1,0,0,1.8341802,1369,289
3.5,13,2,0,0,1,0,0,1,0,0,0,0,0,0,1,0,0,1,0,0,1.2527629,4,0
4.5999999,14,7,0,0,1,1,0,1,0,0,0,0,0,0,1,0,0,0,1,0,1.5260563,49,0
6,12,22,8,0,0,0,2,1,0,0,0,0,0,0,1,0,0,1,0,0,1.7917595,484,64
2.8900001,10,8,0,0,1,0,1,1,0,0,0,0,0,0,0,0,0,0,0,0,1.0612565,64,0
5.5799999,16,1,1,0,0,1,0,1,0,0,0,0,0,0,0,0,1,0,1,0,1.7191888,1,1
4,12,43,6,0,1,1,0,0,0,0,0,0,0,1,0,0,0,0,0,0,1.3862944,1849,36
6,16,2,2,0,0,0,0,1,0,0,0,0,1,0,0,0,0,0,0,0,1.7917595,4,4
4.5,12,2,1,0,1,0,2,1,0,0,0,1,0,0,0,0,0,0,0,0,1.5040774,4,1
2.9200001,14,1,3,0,0,0,0,1,0,0,0,0,0,0,0,0,1,0,1,0,1.0715836,1,9
4.3299999,18,1,0,0,0,0,0,1,0,0,0,0,0,0,1,0,0,1,0,0,1.4655675,1,0
18.889999,17,26,20,0,0,1,2,1,0,0,0,0,0,0,0,0,1,1,0,0,2.9386327,676,400
4.2800002,13,1,1,0,1,0,2,1,0,0,0,0,0,0,1,0,0,1,0,0,1.453953,1,1
4.5700002,14,37,7,0,1,1,0,1,0,0,0,0,0,0,0,1,0,0,0,1,1.5195132,1369,49
6.25,15,12,4,0,1,1,2,1,0,0,0,0,0,0,0,0,1,1,0,0,1.8325815,144,16
2.95,14,41,23,1,0,1,0,0,1,0,0,0,0,0,0,0,1,1,0,0,1.0818052,1681,529
8.75,12,24,1,0,0,0,0,1,1,0,0,0,1,0,0,0,0,1,0,0,2.1690538,576,1
8.5,8,38,26,0,0,0,0,1,1,0,0,0,0,0,0,0,0,0,0,0,2.1400661,1444,676
3.75,12,18,0,0,1,1,4,1,1,0,0,0,0,0,0,0,1,0,1,0,1.3217559,324,0
3.1500001,12,26,1,0,0,1,0,1,1,0,0,0,0,0,1,0,0,1,0,0,1.1474025,676,1
5,8,45,2,0,0,0,0,0,1,0,0,0,1,0,0,0,0,0,0,0,1.6094379,2025,4
6.46,12,27,0,0,0,1,3,0,1,0,0,0,0,0,0,0,0,0,0,0,1.8656293,729,0
2,9,2,0,0,0,0,3,0,1,0,0,0,0,0,1,0,0,0,0,1,.69314718,4,0
4.79,12,41,8,0,0,1,0,1,1,0,0,0,0,0,1,0,0,1,0,0,1.5665303,1681,64
5.7800002,16,11,4,0,0,1,2,1,1,0,0,0,1,0,0,0,0,1,0,0,1.7544037,121,16
3.1800001,12,5,0,0,1,1,0,1,1,0,0,0,0,0,0,0,1,0,0,1,1.1568812,25,0
4.6799998,16,3,1,0,1,0,0,1,1,0,0,0,0,0,0,0,1,1,0,0,1.5432981,9,1
4.0999999,12,3,2,0,1,0,0,1,1,0,0,0,0,0,0,0,1,0,0,1,1.4109869,9,4
2.9100001,12,4,0,0,0,1,0,1,0,1,0,0,0,0,1,0,0,0,0,0,1.0681531,16,0
6,13,21,13,0,0,1,4,0,0,1,0,0,1,0,0,0,0,0,0,0,1.7917595,441,169
3.5999999,10,34,26,0,1,1,0,0,0,1,0,0,1,0,0,0,0,0,0,0,1.2809339,1156,676
3.95,6,49,6,0,0,1,6,0,0,1,0,0,0,0,0,0,0,0,0,0,1.3737156,2401,36
7,12,6,5,1,0,1,1,0,0,1,0,1,0,0,0,0,0,0,0,0,1.9459101,36,25
3,12,26,9,0,1,1,0,0,0,1,0,0,0,0,0,1,0,0,0,1,1.0986123,676,81
6.0799999,16,9,0,0,0,0,0,0,0,1,0,0,0,0,0,1,0,1,0,0,1.8050047,81,0
8.6300001,12,23,9,0,0,1,1,0,0,1,0,0,1,0,0,0,0,0,0,0,2.1552446,529,81
3,8,33,2,0,0,1,0,0,0,1,0,0,1,0,0,0,0,0,0,0,1.0986123,1089,4
3.75,12,5,2,0,1,1,1,0,0,1,0,0,0,0,0,0,1,0,1,0,1.3217559,25,4
2.9000001,6,49,7,0,0,1,0,0,0,1,0,0,0,0,0,0,0,0,0,1,1.0647107,2401,49
3,4,48,0,1,0,1,0,0,0,1,0,0,1,0,0,0,0,0,0,0,1.0986123,2304,0
6.25,11,35,31,0,0,1,0,1,0,1,0,0,0,0,1,0,0,0,0,0,1.8325815,1225,961
3.5,11,23,2,1,1,0,2,0,0,1,0,0,1,0,0,0,0,0,0,0,1.2527629,529,4
3,7,26,1,0,1,0,3,0,0,1,0,0,0,0,1,0,0,0,0,1,1.0986123,676,1
3.24,12,16,0,0,1,1,2,1,0,1,0,0,0,0,1,0,0,0,1,0,1.1755733,256,0
8.0200005,18,23,3,0,1,1,1,1,0,1,0,0,0,0,0,0,1,1,0,0,2.0819385,529,9
3.3299999,12,36,8,0,1,1,1,1,0,1,0,0,0,0,0,0,1,0,1,0,1.2029723,1296,64
5.25,16,4,0,0,0,0,0,1,0,1,0,0,1,0,0,0,0,1,0,0,1.658228,16,0
6.25,12,10,0,0,0,1,3,1,0,1,0,1,0,0,0,0,0,0,0,0,1.8325815,100,0
3.5,14,18,2,0,0,1,1,0,1,0,0,0,0,0,1,0,0,1,0,0,1.2527629,324,4
2.95,12,3,1,0,0,0,1,0,1,0,0,0,0,0,1,0,0,0,0,0,1.0818052,9,1
3,10,7,0,0,1,1,2,0,1,0,0,0,0,0,0,0,1,0,0,1,1.0986123,49,0
4.6900001,10,7,7,0,0,0,0,0,1,0,0,0,0,0,0,0,0,0,0,0,1.5454326,49,49
3.73,9,33,2,0,1,0,1,0,1,0,0,0,0,0,0,0,0,0,0,0,1.3164083,1089,4
4,10,34,12,0,0,1,0,0,1,0,0,0,0,0,0,0,0,0,0,0,1.3862944,1156,144
4,12,8,0,0,1,1,2,0,1,0,0,0,0,0,1,0,0,1,0,0,1.3862944,64,0
2.9000001,12,17,1,0,1,1,2,0,1,0,0,0,1,0,0,0,0,0,0,0,1.0647107,289,1
3.05,12,2,0,0,1,0,1,0,1,0,0,0,0,0,0,0,1,0,0,1,1.1151416,4,0
5.0500002,10,5,0,0,1,0,0,1,1,0,0,0,0,0,0,0,1,0,1,0,1.6193882,25,0
13.95,16,41,16,0,0,1,0,1,1,0,0,0,1,0,0,0,0,1,0,0,2.6354795,1681,256
18.16,16,35,28,0,0,1,1,1,1,0,0,0,1,0,0,0,0,1,0,0,2.8992214,1225,784
6.25,16,11,4,0,0,0,0,1,1,0,0,0,0,0,0,1,0,1,0,0,1.8325815,121,16
5.25,12,4,0,1,0,0,0,1,1,0,0,0,1,0,0,0,0,0,1,0,1.658228,16,0
4.79,12,12,3,0,1,1,3,1,1,0,0,0,0,0,0,0,1,1,0,0,1.5665303,144,9
3.3499999,7,35,0,0,1,0,1,1,0,1,0,0,0,0,0,0,0,0,0,0,1.2089603,1225,0
3,8,33,0,0,0,1,1,1,0,1,0,0,0,1,0,0,0,0,0,0,1.0986123,1089,0
8.4300003,16,8,6,0,0,1,0,1,0,1,0,0,1,0,0,0,0,1,0,0,2.1317968,64,36
5.6999998,16,2,0,0,0,0,0,1,0,1,0,0,0,0,1,0,0,1,0,0,1.7404661,4,0
11.98,18,8,10,0,0,1,2,1,0,1,0,0,0,1,0,0,0,1,0,0,2.4832385,64,100
3.5,13,29,1,0,1,1,0,0,0,1,0,0,0,0,0,0,1,0,1,0,1.2527629,841,1
4.2399998,10,14,5,1,0,1,1,0,0,1,0,0,0,0,1,0,0,0,0,0,1.4445633,196,25
7,16,26,3,0,1,1,1,1,0,1,0,0,0,0,0,0,1,1,0,0,1.9459101,676,9
6,14,11,3,0,1,1,2,1,0,1,0,0,0,0,0,0,1,0,1,0,1.7917595,121,9
12.22,16,10,2,0,0,0,0,1,0,1,0,0,0,0,0,0,1,1,0,0,2.5030739,100,4
4.5,12,13,0,0,0,1,0,1,0,1,0,0,0,0,1,0,0,0,0,0,1.5040774,169,0
3,9,23,20,0,1,1,2,0,0,1,0,0,1,0,0,0,0,0,0,0,1.0986123,529,400
2.9000001,11,1,2,1,0,0,2,0,0,1,0,0,0,0,1,0,0,0,0,1,1.0647107,1,4
15,11,35,31,0,0,1,0,0,0,1,0,0,1,0,0,0,0,0,0,0,2.7080503,1225,961
4,12,5,2,0,0,1,0,0,0,1,0,1,0,0,0,0,0,0,0,0,1.3862944,25,4
5.25,11,13,11,0,0,1,2,0,0,1,0,0,1,0,0,0,0,0,0,0,1.658228,169,121
4,12,22,3,0,0,1,3,0,0,1,0,0,1,0,0,0,0,0,0,0,1.3862944,484,9
3.3,12,21,9,0,1,1,2,0,0,1,0,0,0,0,1,0,0,1,0,0,1.1939224,441,81
5.0500002,12,19,0,0,1,1,3,0,0,1,0,0,0,0,0,0,1,0,1,0,1.6193882,361,0
3.5799999,12,13,0,0,0,0,0,1,0,1,0,0,0,0,0,1,0,0,0,0,1.2753627,169,0
5,14,15,5,0,0,1,2,0,0,1,0,0,0,0,1,0,0,1,0,0,1.6094379,225,25
4.5700002,14,3,0,0,0,1,0,0,0,1,0,0,0,0,0,0,1,1,0,0,1.5195132,9,0
12.5,18,6,2,0,0,0,0,1,0,1,0,0,0,0,0,1,0,0,1,0,2.5257287,36,4
3.45,12,6,5,0,1,1,0,1,0,1,0,0,0,0,1,0,0,0,1,0,1.2383742,36,25
4.6300001,12,16,1,0,1,0,0,1,0,1,0,0,0,0,0,0,1,0,1,0,1.5325569,256,1
10,12,31,2,0,0,1,0,1,0,1,0,0,0,0,1,0,0,1,0,0,2.3025851,961,4
2.9200001,11,1,0,0,1,0,1,0,1,0,0,0,0,0,1,0,0,0,0,1,1.0715836,1,0
4.5100002,12,5,2,0,0,0,0,1,1,0,0,0,0,0,1,0,0,0,0,0,1.5062972,25,4
6.5,17,3,0,0,0,1,0,1,1,0,0,0,0,0,0,0,1,1,0,0,1.8718022,9,0
7.5,16,11,0,0,0,1,0,1,1,0,0,0,0,0,0,1,0,1,0,0,2.0149031,121,0
3.54,13,6,7,0,1,1,0,0,1,0,0,0,0,0,0,0,1,0,1,0,1.2641267,36,49
4.1999998,13,11,3,0,1,1,2,1,1,0,0,0,0,0,1,0,0,0,1,0,1.4350845,121,9
3.51,12,7,2,0,1,1,0,1,1,0,0,0,0,0,1,0,0,0,1,0,1.2556161,49,4
4.5,14,5,0,0,0,1,0,1,1,0,0,1,0,0,0,0,0,1,0,0,1.5040774,25,0
3.3499999,14,5,4,0,1,1,0,1,1,0,0,0,0,0,1,0,0,1,0,0,1.2089603,25,16
2.9100001,11,2,2,0,0,0,2,1,1,0,0,0,0,0,1,0,0,0,0,1,1.0681531,4,4
5.25,10,44,7,0,0,1,1,1,1,0,0,0,0,0,0,0,0,0,0,0,1.658228,1936,49
4.0500002,8,44,25,0,0,1,0,1,1,0,0,0,1,0,0,0,0,0,0,1,1.3987169,1936,625
3.75,14,13,0,0,1,1,3,1,1,0,0,0,0,0,1,0,0,0,1,0,1.3217559,169,0
3.4000001,12,26,15,0,1,1,1,1,1,0,0,1,0,0,0,0,0,0,1,0,1.2237755,676,225
3,10,2,1,0,1,0,1,1,0,1,0,0,0,0,1,0,0,0,1,0,1.0986123,4,1
6.29,17,10,3,0,0,1,1,1,0,1,0,0,0,0,0,1,0,1,0,0,1.838961,100,9
2.54,9,2,0,0,1,0,1,1,0,1,0,0,0,0,1,0,0,0,0,1,.93216407,4,0
4.5,12,35,0,0,1,1,1,1,0,1,0,0,0,0,1,0,0,0,1,0,1.5040774,1225,0
3.1300001,12,6,5,0,1,1,1,1,0,1,0,0,0,0,0,0,1,0,1,0,1.1410331,36,25
6.3600001,14,8,1,0,0,1,0,1,0,1,0,0,0,0,1,0,0,1,0,0,1.8500284,64,1
4.6799998,16,1,0,0,0,0,0,1,0,1,0,0,1,0,0,0,0,1,0,0,1.5432981,1,0
6.8000002,12,14,10,0,0,1,2,0,0,1,0,0,1,0,0,0,0,0,0,0,1.9169227,196,100
8.5299997,10,14,6,0,0,1,0,0,0,1,0,0,0,0,0,0,0,0,0,0,2.1435893,196,36
4.1700001,0,22,10,0,1,0,0,0,0,1,0,0,0,0,0,1,0,0,0,0,1.427916,484,100
3.75,14,8,4,0,1,1,0,0,0,1,0,0,0,1,0,0,0,1,0,0,1.3217559,64,16
11.1,15,1,4,0,1,0,2,0,0,1,0,0,0,0,0,0,1,0,1,0,2.4069452,1,16
3.26,16,15,5,1,1,1,2,1,0,1,0,0,0,0,1,0,0,1,0,0,1.1817272,225,25
9.1300001,12,14,12,0,0,1,3,1,0,1,0,0,1,0,0,0,0,1,0,0,2.2115657,196,144
4.5,11,37,10,0,0,1,2,1,0,1,0,0,1,0,0,0,0,0,0,0,1.5040774,1369,100
3,11,1,1,0,1,0,1,1,0,1,0,0,0,0,0,0,1,0,0,1,1.0986123,1,1
8.75,12,4,4,0,0,1,0,1,0,1,0,0,0,0,0,0,1,0,1,0,2.1690538,16,16
4.1399999,13,29,0,0,1,1,0,1,0,1,0,0,0,0,1,0,0,0,1,0,1.4206958,841,0
2.8699999,12,45,8,0,1,1,0,0,1,0,0,0,0,0,1,0,0,1,0,0,1.054312,2025,64
3.3499999,13,22,0,0,1,0,2,0,1,0,0,0,0,0,1,0,0,0,1,0,1.2089603,484,0
6.0799999,16,42,10,0,0,0,0,0,1,0,0,0,0,0,1,0,0,1,0,0,1.8050047,1764,100
3,15,9,0,1,0,0,0,0,1,0,0,0,0,0,0,1,0,0,0,0,1.0986123,81,0
4.1999998,16,8,0,0,1,1,1,1,1,0,0,0,0,0,0,0,1,0,1,0,1.4350845,64,0
5.5999999,15,31,15,0,1,0,2,1,1,0,0,0,0,0,0,0,1,0,0,1,1.7227666,961,225
10,12,24,24,0,0,1,0,1,1,0,0,0,1,0,0,0,0,0,0,0,2.3025851,576,576
12.5,18,16,5,0,0,1,1,1,1,0,0,0,0,0,0,0,1,1,0,0,2.5257287,256,25
3.76,6,6,0,0,0,0,4,0,0,1,0,0,0,0,0,0,0,0,0,0,1.3244189,36,0
3.0999999,6,14,0,1,1,0,5,1,0,1,0,0,0,0,1,0,0,0,1,0,1.1314021,196,0
4.29,12,47,25,0,1,1,2,1,0,1,0,0,1,0,0,0,0,0,1,0,1.4562867,2209,625
10.92,12,34,5,0,0,1,0,0,0,1,0,0,0,0,0,0,1,1,0,0,2.3905959,1156,25
7.5,16,6,2,0,1,1,1,1,0,1,0,0,0,0,0,0,1,1,0,0,2.0149031,36,4
4.0500002,9,7,4,0,1,1,1,1,0,1,0,0,0,0,0,0,0,0,0,0,1.3987169,49,16
4.6500001,12,27,2,0,0,1,3,1,0,1,0,0,0,0,0,0,0,0,0,1,1.5368673,729,4
5,11,24,5,0,0,1,0,1,0,1,0,0,0,0,1,0,0,0,0,0,1.6094379,576,25
2.9000001,10,18,0,0,1,1,2,0,0,1,0,0,0,0,1,0,0,0,1,0,1.0647107,324,0
8,12,12,3,1,1,0,1,0,0,1,0,0,0,0,0,0,0,0,0,0,2.0794415,144,9
8.4300003,8,27,3,0,0,1,3,1,0,1,0,0,1,0,0,0,0,0,0,0,2.1317968,729,9
2.9200001,9,49,0,0,1,0,0,1,0,1,0,0,0,0,0,1,0,0,0,0,1.0715836,2401,0
6.25,17,4,0,0,1,0,0,1,0,0,1,0,0,0,1,0,0,1,0,0,1.8325815,16,0
6.25,16,24,2,0,1,1,2,1,0,0,1,0,0,0,0,0,1,1,0,0,1.8325815,576,4
5.1100001,11,3,0,0,0,0,0,1,0,0,1,1,0,0,0,0,0,0,0,0,1.6311995,9,0
4,10,2,0,0,1,0,1,1,0,0,1,0,0,0,0,1,0,0,0,0,1.3862944,4,0
4.4400001,8,29,11,0,0,1,3,0,0,1,0,0,0,0,1,0,0,1,0,0,1.4906543,841,121
6.8800001,13,34,21,0,0,1,0,0,0,1,0,0,0,0,0,1,0,1,0,0,1.9286187,1156,441
5.4299998,14,10,3,1,0,1,1,1,0,1,0,0,0,0,1,0,0,1,0,0,1.6919391,100,9
3,13,5,0,0,1,0,1,1,0,1,0,0,0,0,0,0,1,0,0,1,1.0986123,25,0
2.9000001,11,2,0,0,1,0,2,1,0,1,0,0,0,0,1,0,0,1,0,0,1.0647107,4,0
6.25,7,39,21,1,0,1,0,1,0,1,0,0,0,0,1,0,0,0,0,0,1.8325815,1521,441
4.3400002,16,5,2,1,1,0,0,1,0,1,0,0,0,0,0,0,1,0,1,0,1.4678744,25,4
3.25,12,14,2,0,1,1,2,0,0,1,0,0,0,1,0,0,0,0,1,0,1.178655,196,4
7.2600002,13,8,2,0,0,0,0,1,0,1,0,0,0,0,1,0,0,1,0,0,1.9823799,64,4
6.3499999,14,10,1,0,1,1,2,1,0,1,0,0,0,0,0,0,0,0,0,0,1.8484548,100,1
5.6300001,16,2,2,0,0,1,0,1,0,0,0,0,0,0,1,0,0,0,0,1,1.7281095,4,4
8.75,14,9,3,0,0,1,1,1,0,0,0,0,1,0,0,0,0,1,0,0,2.1690538,81,9
3.2,11,1,0,0,0,0,0,0,0,0,0,0,0,0,1,0,0,0,0,1,1.1631508,1,0
3,8,45,1,0,1,1,0,0,0,0,0,0,0,0,0,0,0,0,0,0,1.0986123,2025,1
3,14,33,3,0,1,1,0,1,0,0,0,0,0,0,0,0,1,0,0,1,1.0986123,1089,9
12.5,17,21,18,0,0,1,3,1,0,0,0,0,0,0,0,0,0,1,0,0,2.5257287,441,324
2.8800001,10,2,0,0,1,0,3,1,0,0,0,0,0,0,1,0,0,0,1,0,1.0577903,4,0
3.3499999,12,9,1,0,0,1,0,1,1,0,0,0,0,0,1,0,0,0,0,0,1.2089603,81,1
6.5,12,33,2,0,0,1,0,0,1,0,0,0,0,0,0,0,0,0,0,0,1.8718022,1089,4
10.38,18,16,2,1,0,1,1,1,1,0,0,0,0,0,0,0,1,1,0,0,2.3398809,256,4
4.5,14,10,0,0,0,1,0,1,1,0,0,0,0,0,0,0,1,0,0,0,1.5040774,100,0
10,18,9,8,0,0,0,0,0,1,0,0,0,0,1,0,0,0,1,0,0,2.3025851,81,64
3.8099999,12,8,1,0,1,1,2,0,1,0,0,0,0,0,0,1,0,0,0,1,1.3376292,64,1
8.8000002,16,9,1,0,0,1,0,0,0,1,0,0,0,0,0,0,1,1,0,0,2.1747518,81,1
9.4200001,14,23,0,0,1,1,2,0,0,1,0,0,0,0,0,1,0,0,0,0,2.242835,529,0
6.3299999,12,23,8,0,0,1,2,0,0,1,0,0,0,0,0,0,0,1,0,0,1.8453002,529,64
4,9,22,18,1,0,0,0,0,0,1,0,0,0,0,0,0,0,0,0,0,1.3862944,484,324
2.9000001,12,37,0,0,1,1,0,0,0,1,0,0,0,0,1,0,0,1,0,0,1.0647107,1369,0
20,12,22,4,0,0,1,1,0,0,1,0,0,0,0,1,0,0,1,0,0,2.9957323,484,16
11.25,17,28,25,0,0,1,1,1,0,1,0,0,1,0,0,0,0,0,0,0,2.4203682,784,625
3.5,12,14,0,1,1,0,2,1,0,1,0,1,0,0,0,0,0,0,0,0,1.2527629,196,0
6,15,19,4,0,1,1,2,1,0,1,0,0,0,0,0,0,1,0,0,1,1.7917595,361,16
14.38,17,10,9,1,0,1,1,0,0,1,0,0,1,0,0,0,0,1,0,0,2.6658382,100,81
6.3600001,16,25,0,0,0,1,1,1,0,1,0,0,1,0,0,0,0,1,0,0,1.8500284,625,0
3.55,12,21,0,0,1,1,1,0,0,1,0,0,1,0,0,0,0,0,0,0,1.2669476,441,0
3,15,32,0,0,0,1,0,1,0,1,0,0,0,0,0,1,0,0,0,1,1.0986123,1024,0
4.5,16,21,10,0,0,1,1,1,0,1,0,0,0,0,1,0,0,1,0,0,1.5040774,441,100
6.6300001,12,36,0,0,1,0,0,1,0,1,0,0,0,0,1,0,0,0,1,0,1.8916048,1296,0
9.3000002,15,2,2,0,0,1,0,1,0,1,0,0,0,0,1,0,0,0,0,0,2.2300143,4,4
3,12,11,0,0,1,1,2,1,0,1,0,0,0,0,1,0,0,1,0,0,1.0986123,121,0
3.25,12,40,2,0,1,0,0,0,1,0,0,0,0,0,1,0,0,0,0,1,1.178655,1600,4
1.5,12,11,1,0,1,1,2,0,1,0,0,0,0,0,0,0,1,0,0,1,.4054651,121,1
5.9000001,12,9,7,0,1,1,1,1,1,0,0,0,0,0,0,0,0,0,0,0,1.7749524,81,49
8,16,23,4,0,0,0,0,1,1,0,0,0,0,0,1,0,0,1,0,0,2.0794415,529,16
2.9000001,11,1,0,0,1,0,1,1,1,0,0,0,0,0,1,0,0,1,0,0,1.0647107,1,0
3.29,14,30,13,0,0,0,0,1,1,0,0,0,0,0,1,0,0,1,0,0,1.1908876,900,169
6.5,14,41,33,0,0,1,0,1,1,0,0,0,0,0,1,0,0,1,0,0,1.8718022,1681,1089
4,13,6,0,0,1,0,1,1,1,0,0,1,0,0,0,0,0,0,1,0,1.3862944,36,0
6,14,11,0,0,0,1,0,0,1,0,0,0,0,0,1,0,0,0,0,0,1.7917595,121,0
4.0799999,12,43,17,0,1,1,0,1,1,0,0,0,0,0,0,0,1,0,1,0,1.4060969,1849,289
3.75,12,39,2,0,1,1,0,1,1,0,0,0,0,0,0,1,0,1,0,0,1.3217559,1521,4
3.05,8,50,24,0,1,0,0,0,0,1,0,0,1,0,0,0,0,0,0,0,1.1151416,2500,576
3.5,12,26,20,0,1,1,0,0,0,1,0,0,1,0,0,0,0,0,0,0,1.2527629,676,400
2.9200001,3,51,30,1,0,0,0,1,0,1,0,0,0,0,0,1,0,0,0,1,1.0715836,2601,900
4.5,11,3,9,0,0,0,0,1,0,1,0,1,0,0,0,0,0,0,0,0,1.5040774,9,81
3.3499999,15,3,1,0,1,1,2,1,0,1,0,0,0,0,0,1,0,0,1,0,1.2089603,9,1
5.9499998,11,15,9,1,0,1,1,0,0,1,0,1,0,0,0,0,0,0,0,0,1.7833912,225,81
8,12,17,6,0,0,1,2,0,0,1,0,0,0,0,1,0,0,1,0,0,2.0794415,289,36
3,4,36,0,0,0,1,1,0,0,1,0,1,0,0,0,0,0,0,0,0,1.0986123,1296,0
5,9,31,9,1,0,1,6,0,0,1,0,0,0,0,0,0,0,0,0,0,1.6094379,961,81
5.5,12,9,4,0,0,1,1,0,0,1,0,0,0,0,1,0,0,0,0,0,1.704748,81,16
2.6500001,12,42,10,0,1,1,0,1,0,0,1,0,0,0,0,1,0,0,1,0,.97455966,1764,100
3,11,3,0,0,1,0,2,1,0,0,1,0,0,0,1,0,0,0,0,0,1.0986123,9,0
4.5,12,37,14,0,1,1,0,0,0,0,1,0,0,0,0,0,1,0,1,0,1.5040774,1369,196
17.5,16,23,22,0,0,1,3,1,0,0,1,0,0,0,1,0,0,1,0,0,2.862201,529,484
8.1800003,13,21,5,0,0,0,0,1,0,0,1,0,0,0,1,0,0,1,0,0,2.1016922,441,25
9.0900002,15,11,12,0,0,1,1,1,0,0,1,0,0,1,0,0,0,1,0,0,2.207175,121,144
11.82,16,35,13,0,0,1,0,1,0,0,1,0,0,1,0,0,0,1,0,0,2.4697931,1225,169
3.25,12,42,0,0,1,1,0,1,0,0,1,0,0,0,1,0,0,1,0,0,1.178655,1764,0
4.5,12,3,0,0,0,0,0,1,0,0,1,0,0,0,0,0,0,0,0,0,1.5040774,9,0
4.5,12,13,0,0,0,1,0,1,0,0,1,0,0,0,0,0,0,0,0,0,1.5040774,169,0
3.71,9,14,7,0,0,1,2,0,0,1,0,0,1,0,0,0,0,0,0,0,1.3110319,196,49
6.5,10,14,11,0,0,1,3,0,0,1,0,0,0,0,1,0,0,0,0,0,1.8718022,196,121
2.9000001,12,39,1,0,1,1,0,0,0,1,0,0,0,0,0,0,1,0,0,1,1.0647107,1521,1
5.5999999,11,11,8,0,0,1,2,0,0,1,0,0,0,0,0,0,0,0,1,0,1.7227666,121,64
2.23,8,28,3,0,0,1,4,0,0,1,0,0,0,0,0,0,1,1,0,0,.8020016,784,9
5,6,18,0,0,1,1,3,1,0,0,1,0,0,0,1,0,0,0,0,1,1.6094379,324,0
8.3299999,16,6,2,0,0,1,0,1,0,0,1,0,0,1,0,0,0,0,1,0,2.1198635,36,4
2.9000001,12,26,1,0,1,0,4,1,0,1,0,0,0,0,1,0,0,0,1,0,1.0647107,676,1
6.25,12,21,6,0,0,1,3,1,0,1,0,0,0,0,1,0,0,1,0,0,1.8325815,441,36
4.5500002,16,34,2,0,0,1,0,0,0,1,0,0,0,0,0,0,1,1,0,0,1.5151273,1156,4
3.28,12,17,2,0,1,0,0,0,0,1,0,0,0,0,0,0,1,0,0,1,1.1878434,289,4
2.3,10,2,0,0,1,0,4,1,1,0,0,0,0,0,1,0,0,0,0,1,.83290911,4,0
3.3,13,5,0,0,1,0,0,1,1,0,0,0,0,0,0,0,1,1,0,0,1.1939224,25,0
3.1500001,13,1,0,0,1,0,4,1,1,0,0,0,0,1,0,0,0,0,1,0,1.1474025,1,0
12.5,14,40,30,0,0,1,0,1,1,0,0,0,0,0,0,0,0,1,0,0,2.5257287,1600,900
5.1500001,16,39,21,0,1,0,0,1,0,0,1,0,0,0,0,0,1,0,1,0,1.6389967,1521,441
3.1300001,10,1,1,0,0,0,2,1,0,0,1,0,0,0,1,0,0,0,0,1,1.1410331,1,1
7.25,12,14,5,0,0,1,3,1,0,0,1,0,0,1,0,0,0,0,0,0,1.9810015,196,25
2.9000001,12,2,2,0,1,0,0,1,0,0,1,0,0,0,0,0,1,0,1,0,1.0647107,4,4
1.75,11,2,1,0,0,0,2,1,0,0,1,0,0,0,1,0,0,0,0,1,.55961579,4,1
2.8900001,0,42,0,0,1,1,2,0,0,0,1,0,0,0,0,1,0,0,0,0,1.0612565,1764,0
2.9000001,5,34,0,0,1,1,5,0,0,0,1,0,1,0,0,0,0,0,0,0,1.0647107,1156,0
17.709999,16,10,3,0,0,1,1,1,0,0,1,1,0,0,0,0,0,1,0,0,2.8741293,100,9
6.25,16,4,3,0,0,1,0,0,0,0,1,0,0,1,0,0,0,0,0,1,1.8325815,16,9
2.5999999,9,4,0,0,0,0,1,0,0,0,1,0,0,0,1,0,0,0,0,0,.95551139,16,0
6.6300001,15,21,3,0,1,1,2,0,0,0,1,0,0,0,0,0,1,1,0,0,1.8916048,441,9
3.5,12,31,3,1,1,0,1,1,0,0,1,0,0,0,0,1,0,0,0,0,1.2527629,961,9
6.5,12,20,14,0,0,1,3,1,0,0,1,0,0,0,1,0,0,0,0,0,1.8718022,400,196
3,12,36,1,1,1,0,0,1,0,0,1,0,0,0,0,1,0,0,0,0,1.0986123,1296,1
4.3800001,13,7,0,1,0,1,1,1,0,0,1,0,1,0,0,0,0,0,0,0,1.4770488,49,0
10,12,15,0,0,0,0,1,0,0,0,0,0,0,0,0,1,0,1,0,0,2.3025851,225,0
4.9499998,7,25,17,0,0,1,5,0,0,0,0,1,0,0,0,0,0,0,0,0,1.5993875,625,289
9,17,7,0,0,1,1,2,0,0,0,0,0,0,0,0,0,1,1,0,0,2.1972246,49,0
1.4299999,12,17,0,0,1,1,2,0,0,0,0,0,0,0,1,0,0,0,0,0,.35767442,289,0
3.0799999,12,3,1,0,0,0,0,0,0,0,0,0,0,0,0,0,1,1,0,0,1.1249295,9,1
9.3299999,14,12,11,0,0,1,3,0,0,0,0,0,0,0,0,0,1,1,0,0,2.2332351,144,121
7.5,12,18,5,0,0,1,2,0,0,0,1,0,0,0,1,0,0,0,0,0,2.0149031,324,25
4.75,13,47,1,0,0,1,0,0,0,0,1,0,0,0,1,0,0,0,0,0,1.5581446,2209,1
5.6500001,12,2,0,0,0,0,0,0,0,0,1,1,0,0,0,0,0,0,0,0,1.7316556,4,0
15,16,14,2,0,1,1,2,0,0,0,1,0,0,0,0,0,1,1,0,0,2.7080503,196,4
2.27,10,2,0,0,1,0,3,0,0,0,1,0,0,0,1,0,0,1,0,0,.81977981,4,0
4.6700001,15,13,18,0,0,1,3,0,0,0,1,1,0,0,0,0,0,1,0,0,1.541159,169,324
11.56,16,5,1,0,0,1,0,0,0,0,1,0,1,0,0,0,0,0,0,0,2.447551,25,1
3.5,14,5,4,1,1,0,2,0,0,0,1,0,0,0,0,0,1,0,1,0,1.2527629,25,16
